City_ID,City,Country,Lat,Lng,Max Temp,Humidity,Cloudiness,Wind Speed,Current Description
0,Clyde River,CA,70.4692,-68.5914,32.23,74,20,3.44,few clouds
1,Rikitea,PF,-23.1203,-134.9692,77.11,85,77,19.28,broken clouds
2,Cabo San Lucas,MX,22.8909,-109.9124,99.52,52,100,2.98,overcast clouds
3,Hermanus,ZA,-34.4187,19.2345,59.9,83,22,2.46,light rain
4,Lebu,CL,-37.6167,-73.65,53.8,66,100,5.93,overcast clouds
5,Esperance,AU,-33.8667,121.9,60.64,84,100,21.9,overcast clouds
6,Kulhudhuffushi,MV,6.6221,73.07,83.55,70,47,21.92,scattered clouds
7,Atuona,PF,-9.8,-139.0333,78.69,72,11,10.65,few clouds
8,Corinto,GR,37.9407,22.9573,75.02,70,30,7.16,scattered clouds
9,Thompson,CA,55.7435,-97.8558,57.36,58,90,11.5,overcast clouds
10,Kovur,IN,14.4833,79.9833,89.85,56,97,11.48,overcast clouds
11,Tazovskiy,RU,67.4667,78.7,39.61,61,65,16.51,broken clouds
12,Kadoshkino,RU,54.0257,44.4191,65.3,76,58,4.63,broken clouds
13,Mogadishu,SO,2.0371,45.3438,78.57,84,58,14.72,broken clouds
14,Mataura,NZ,-46.1927,168.8643,49.48,96,100,4.27,light rain
15,Andenes,NO,69.3143,16.1194,48.07,87,75,14.97,broken clouds
16,Yellowknife,CA,62.456,-114.3525,53.33,57,20,1.01,few clouds
17,Montorio Al Vomano,IT,42.5831,13.6383,67.8,69,100,1.41,overcast clouds
18,Upernavik,GL,72.7868,-56.1549,31.51,94,93,15.08,overcast clouds
19,Kapaa,US,22.0752,-159.319,74.12,77,47,6.62,scattered clouds
20,Inuvik,CA,68.3499,-133.7218,32.04,71,90,6.91,overcast clouds
21,Shahrud,IR,36.4182,54.9763,82.2,17,19,2.73,few clouds
22,Qaanaaq,GL,77.484,-69.3632,32.0,95,36,5.32,scattered clouds
23,Krasnoarmeysk,RU,51.0239,45.6969,63.23,88,52,7.96,broken clouds
24,San Patricio,US,28.017,-97.5169,77.72,69,98,7.16,overcast clouds
25,Hof,DE,50.3167,11.9167,56.97,62,19,8.99,few clouds
26,Dikson,RU,73.5069,80.5464,21.24,94,43,0.31,scattered clouds
27,Bredasdorp,ZA,-34.5322,20.0403,57.27,94,7,6.11,clear sky
28,Arraial Do Cabo,BR,-22.9661,-42.0278,93.16,51,75,6.91,broken clouds
29,Sitka,US,57.0531,-135.33,47.53,87,100,5.5,overcast clouds
30,Tuatapere,NZ,-46.1333,167.6833,49.82,94,100,6.91,moderate rain
31,Port Hardy,CA,50.6996,-127.4199,50.18,81,20,6.91,few clouds
32,Vestmannaeyjar,IS,63.4427,-20.2734,47.39,87,75,14.97,moderate rain
33,Maragogi,BR,-9.0122,-35.2225,80.73,66,38,9.31,scattered clouds
34,Esso,RU,55.9333,158.7,36.37,96,97,3.11,overcast clouds
35,Vanimo,PG,-2.6741,141.3028,78.06,89,95,3.6,light rain
36,Lavumisa,SZ,-27.31,31.892,61.23,87,1,2.06,clear sky
37,Mar Del Plata,AR,-38.0023,-57.5575,51.24,56,40,10.0,scattered clouds
38,Devonport,AU,-41.1667,146.35,39.02,80,34,3.94,scattered clouds
39,Coquimbo,CL,-29.9533,-71.3436,60.53,77,0,8.5,clear sky
40,Isangel,VU,-19.55,169.2667,70.25,66,81,3.2,broken clouds
41,Puerto Ayora,EC,-0.7393,-90.3518,82.36,84,56,10.0,broken clouds
42,Bathsheba,BB,13.2167,-59.5167,86.61,51,20,15.59,few clouds
43,Saint-Philippe,RE,-21.3585,55.7679,71.15,78,37,5.82,scattered clouds
44,Hovd,MN,48.0056,91.6419,50.49,54,63,8.46,broken clouds
45,Nioro,GM,13.35,-15.75,100.85,16,22,13.29,few clouds
46,Albany,US,42.6001,-73.9662,50.72,83,100,3.74,overcast clouds
47,Valparaiso,CL,-33.0393,-71.6273,68.23,59,0,6.91,clear sky
48,Ushuaia,AR,-54.8,-68.3,29.86,93,90,8.05,light snow
49,Mareeba,AU,-17.0,145.4333,65.12,87,41,1.54,scattered clouds
50,Busselton,AU,-33.65,115.3333,54.09,82,82,7.38,light rain
51,Jamestown,US,42.097,-79.2353,50.52,78,90,8.99,overcast clouds
52,Tuktoyaktuk,CA,69.4541,-133.0374,30.2,74,75,8.05,broken clouds
53,Pemba,MZ,-12.974,40.5178,77.7,83,20,7.0,few clouds
54,Geraldton,AU,-28.7667,114.6,65.12,88,90,15.08,overcast clouds
55,Souillac,MU,-20.5167,57.5167,77.38,88,75,5.7,light rain
56,Butaritari,KI,3.0707,172.7902,82.22,81,100,16.62,light rain
57,Tiksi,RU,71.6872,128.8694,30.13,98,90,7.99,overcast clouds
58,Ketchikan,US,55.3422,-131.6461,51.78,71,100,4.9,overcast clouds
59,Touros,BR,-5.1989,-35.4608,86.9,66,53,17.31,broken clouds
60,Chicama,PE,-7.8447,-79.1469,64.94,68,61,9.84,broken clouds
61,Oshkosh,US,44.0247,-88.5426,62.04,50,5,4.41,clear sky
62,Dingle,PH,10.9995,122.6711,78.01,90,92,2.71,overcast clouds
63,Tocopilla,CL,-22.092,-70.1979,70.0,65,19,7.11,few clouds
64,Avarua,CK,-21.2078,-159.775,71.65,73,45,3.44,scattered clouds
65,Punta Arenas,CL,-53.15,-70.9167,37.51,52,75,19.26,broken clouds
66,Vaini,TO,-21.2,-175.2,71.76,100,40,0.0,scattered clouds
67,Nedryhayliv,UA,50.834,33.8763,58.59,91,69,9.33,broken clouds
68,Vila Velha,BR,-20.3297,-40.2925,87.75,56,20,11.01,few clouds
69,Georgetown,MY,5.4112,100.3354,85.93,79,40,7.0,scattered clouds
70,Prince Rupert,CA,54.3161,-130.3201,53.29,73,75,5.75,broken clouds
71,Imbituba,BR,-28.24,-48.6703,73.29,81,76,12.26,broken clouds
72,New Norfolk,AU,-42.7826,147.0587,45.9,75,50,3.0,scattered clouds
73,Chernaya Kholunitsa,RU,58.8511,51.7154,55.36,95,20,2.84,few clouds
74,Namatanai,PG,-3.6667,152.4333,79.39,84,100,6.11,light rain
75,Chuy,UY,-33.6971,-53.4616,54.81,62,54,17.45,broken clouds
76,Inhambane,MZ,-23.865,35.3833,73.38,73,0,5.01,clear sky
77,Severo-Kurilsk,RU,50.6789,156.125,39.13,84,73,3.76,broken clouds
78,Hobart,AU,-42.8794,147.3294,46.26,77,90,3.0,overcast clouds
79,Ilulissat,GL,69.2167,-51.1,48.58,51,75,13.96,broken clouds
80,Umm Lajj,SA,25.0213,37.2685,85.26,60,95,6.06,overcast clouds
81,Camabatela,AO,-8.1881,15.375,67.39,52,81,3.91,broken clouds
82,Kavaratti,IN,10.5669,72.642,83.39,75,61,16.58,broken clouds
83,Chokurdakh,RU,70.6333,147.9167,46.96,55,9,9.64,clear sky
84,Carnarvon,AU,-24.8667,113.6333,62.67,94,75,8.05,broken clouds
85,Bluff,NZ,-46.6,168.3333,49.8,86,100,19.48,overcast clouds
86,Catabola,AO,-12.15,17.2833,60.89,38,15,2.55,few clouds
87,Pringsewu,ID,-5.3582,104.9744,74.32,96,100,4.38,heavy intensity rain
88,Laranjeiras Do Sul,BR,-25.4078,-52.4161,76.75,52,35,7.74,scattered clouds
89,Iqaluit,CA,63.7506,-68.5145,29.93,74,75,21.85,broken clouds
90,Port Alfred,ZA,-33.5906,26.891,62.2,73,82,28.81,broken clouds
91,Njombe,TZ,-9.3333,34.7667,51.64,95,70,4.85,broken clouds
92,Fortuna,US,40.5982,-124.1573,53.65,90,90,6.91,overcast clouds
93,Vila,PT,42.0304,-8.1588,72.73,60,10,5.68,clear sky
94,Zabol,AF,32.25,67.25,73.85,14,0,10.49,clear sky
95,Chany,RU,55.3121,76.7647,60.24,53,100,6.76,overcast clouds
96,Ulaangom,MN,49.9811,92.0667,48.94,40,71,6.55,broken clouds
97,Marzuq,YE,14.4,46.4667,83.79,37,75,6.62,broken clouds
98,Mandurah,AU,-32.55,115.7,59.99,71,75,15.08,moderate rain
99,Hithadhoo,MV,-0.6,73.0833,83.5,72,69,16.69,broken clouds
100,Bintulu,MY,3.1667,113.0333,77.41,94,20,2.3,few clouds
101,Nara,JP,34.6851,135.8049,63.68,72,46,0.85,scattered clouds
102,Lasa,IT,46.6166,10.7002,63.48,87,91,6.38,overcast clouds
103,Khatanga,RU,71.9667,102.5,36.01,84,99,10.51,overcast clouds
104,Sechura,PE,-5.5569,-80.8222,76.32,66,94,7.92,overcast clouds
105,Bahir Dar,ET,11.5936,37.3908,74.48,27,80,7.36,broken clouds
106,Zdvinsk,RU,54.7021,78.661,59.56,49,99,6.6,overcast clouds
107,Faanui,PF,-16.4833,-151.75,79.14,69,72,3.36,broken clouds
108,Mayya,RU,61.7333,130.2811,61.92,78,90,7.07,light rain
109,Maues,BR,-3.3836,-57.7186,92.03,46,44,3.06,scattered clouds
110,Markova,UA,48.6758,24.4138,49.59,95,100,4.41,overcast clouds
111,Meulaboh,ID,4.1363,96.1285,77.4,87,89,2.98,overcast clouds
112,Namikupa,TZ,-10.8333,39.6,66.63,93,68,2.73,broken clouds
113,Poum,NC,-20.2333,164.0167,70.74,63,86,19.24,overcast clouds
114,Yushan,CN,31.3776,120.9543,74.98,78,100,4.88,light rain
115,Monte Plata,DO,18.807,-69.784,89.22,60,44,8.21,scattered clouds
116,Acapulco,MX,16.8634,-99.8901,88.88,56,33,8.28,scattered clouds
117,Klaksvik,FO,62.2266,-6.589,50.92,82,48,10.49,scattered clouds
118,Boa Vista,BR,2.8197,-60.6733,87.78,58,75,9.22,broken clouds
119,Saint Anthony,US,45.0205,-93.218,64.85,39,40,4.0,scattered clouds
120,Kamuli,UG,0.9472,33.1197,67.28,85,69,3.83,broken clouds
121,Port Blair,IN,11.6667,92.75,81.14,83,100,6.42,overcast clouds
122,Victor Harbor,AU,-35.5667,138.6167,49.8,85,0,6.55,clear sky
123,Molteno,ZA,-31.3968,26.3625,43.66,52,28,6.55,scattered clouds
124,Katsuura,JP,35.1333,140.3,69.12,89,58,12.03,broken clouds
125,Bandundu,CD,-3.3167,17.3667,82.33,50,97,2.24,overcast clouds
126,Haines Junction,CA,60.7522,-137.5108,48.15,49,69,12.66,broken clouds
127,Lubango,AO,-14.9172,13.4925,59.9,35,33,3.49,scattered clouds
128,College,US,64.8569,-147.8028,45.21,51,90,13.8,overcast clouds
129,Cape Town,ZA,-33.9258,18.4232,60.89,84,20,5.86,few clouds
130,Kahului,US,20.8947,-156.47,78.84,77,13,5.01,few clouds
131,Barcelona,ES,41.3888,2.159,83.3,48,20,1.99,few clouds
132,Kaeo,NZ,-35.1,173.7833,46.33,96,43,8.48,scattered clouds
133,Fairbanks,US,64.8378,-147.7164,46.02,50,90,13.8,overcast clouds
134,Kodiak,US,57.79,-152.4072,45.91,93,90,9.22,moderate rain
135,Oktyabrskoye,RU,43.0645,44.7417,68.14,73,100,6.11,overcast clouds
136,Villafranca Di Verona,IT,45.3524,10.8402,73.58,43,75,8.05,broken clouds
137,Mahebourg,MU,-20.4081,57.7,77.29,88,75,6.91,light rain
138,Kyren,RU,51.6828,102.1408,40.6,96,99,3.87,overcast clouds
139,Verkhnyaya Inta,RU,65.9811,60.3094,41.85,73,100,7.9,overcast clouds
140,Vardo,NO,70.3705,31.1107,39.6,75,90,13.71,overcast clouds
141,Skorodnoye,RU,51.071,37.2276,66.09,87,98,5.26,overcast clouds
142,Yulara,AU,-25.2406,130.9889,49.84,62,76,9.22,broken clouds
143,Talnakh,RU,69.4865,88.3972,28.54,98,95,4.5,overcast clouds
144,Bambous Virieux,MU,-20.3428,57.7575,77.25,88,75,4.47,light rain
145,Roding,DE,49.1964,12.5186,63.14,74,62,5.23,broken clouds
146,Tigil,RU,57.8,158.6667,37.33,80,82,3.65,broken clouds
147,Mabaruma,GY,8.2,-59.7833,78.06,95,86,4.61,overcast clouds
148,Umm Kaddadah,SD,13.6017,26.6876,97.36,9,9,11.18,clear sky
149,Kavieng,PG,-2.5744,150.7967,81.97,80,92,12.64,light rain
150,Nyurba,RU,63.2842,118.3319,50.31,57,15,2.73,few clouds
151,Bethel,US,41.3712,-73.414,49.19,90,100,3.0,light rain
152,Athens,GR,37.9795,23.7162,73.36,61,20,3.0,few clouds
153,Barrow,US,71.2906,-156.7887,29.79,89,87,8.39,overcast clouds
154,Ostuni,IT,40.7276,17.5764,72.28,63,21,4.63,few clouds
155,Dunmore East,IE,52.1514,-6.9861,64.63,75,0,6.91,clear sky
156,Moncao,PT,42.0789,-8.4808,82.53,59,10,4.18,clear sky
157,Opole,PL,50.5,18.0,56.71,88,92,7.02,light rain
158,Xining,CN,36.6167,101.7667,53.4,58,41,3.89,scattered clouds
159,Nanortalik,GL,60.1432,-45.2371,36.86,88,90,6.08,overcast clouds
160,Port Lincoln,AU,-34.7333,135.8667,56.17,66,0,14.81,clear sky
161,Pitimbu,BR,-7.4706,-34.8086,84.79,66,3,14.38,clear sky
162,Port Elizabeth,ZA,-33.918,25.5701,56.1,94,75,10.36,light rain
163,Rio Gallegos,AR,-51.6226,-69.2181,37.45,52,75,13.8,broken clouds
164,Mangai,CD,-4.05,19.5333,77.54,64,64,0.96,broken clouds
165,Cidreira,BR,-30.1811,-50.2056,66.07,65,10,12.91,clear sky
166,Hilo,US,19.7297,-155.09,76.62,84,32,1.99,light rain
167,Arsenyev,RU,44.1631,133.2733,49.24,83,100,1.54,overcast clouds
168,Bengkulu,ID,-3.8004,102.2655,75.33,88,100,5.5,overcast clouds
169,Viedma,AR,-40.8135,-62.9967,52.54,36,5,17.9,clear sky
170,Port Macquarie,AU,-31.4333,152.9167,52.9,79,93,14.74,overcast clouds
171,Gat,IL,31.61,34.7642,74.8,3,0,5.93,clear sky
172,Lompoc,US,34.6391,-120.4579,63.84,79,90,12.66,overcast clouds
173,Hammond,US,41.5834,-87.5,61.59,49,1,5.99,clear sky
174,Tasiilaq,GL,65.6145,-37.6368,36.05,95,100,14.41,overcast clouds
175,Narsaq,GL,60.9167,-46.05,41.49,75,100,6.17,overcast clouds
176,Mago,RU,53.2514,140.1822,39.15,96,18,3.67,few clouds
177,Am Timan,TD,11.0297,20.2827,97.2,21,40,2.91,scattered clouds
178,Kloulklubed,PW,7.0419,134.2556,81.1,86,100,10.67,heavy intensity rain
179,Luderitz,NA,-26.6481,15.1594,62.37,66,54,17.87,broken clouds
180,Tygda,RU,53.1167,126.3333,44.56,91,74,2.95,broken clouds
181,Sao Joao Da Barra,BR,-21.6403,-41.0511,89.69,67,1,9.19,clear sky
182,Vostok,RU,46.4856,135.8833,43.34,90,100,2.51,overcast clouds
183,Ribeira Grande,PT,38.5167,-28.7,66.6,77,75,0.0,broken clouds
184,Oistins,BB,13.0667,-59.5333,86.09,51,20,19.57,few clouds
185,Shache,CN,38.4167,77.2406,79.79,21,79,8.41,broken clouds
186,Sabzevar,IR,36.2126,57.6819,87.24,11,0,4.18,clear sky
187,Ostrovnoy,RU,68.0531,39.5131,35.51,78,96,17.54,overcast clouds
188,Pundaguitan,PH,6.3711,126.1689,82.11,75,100,6.58,overcast clouds
189,Kysyl-Syr,RU,63.8986,122.7617,53.56,59,76,2.37,broken clouds
190,Alofi,NU,-19.0595,-169.9187,73.29,100,89,4.61,moderate rain
191,Chimbote,PE,-9.0853,-78.5783,67.89,83,99,8.88,overcast clouds
192,Takab,IR,36.4009,47.1133,63.25,24,0,6.13,clear sky
193,Burriana,ES,39.889,-0.085,82.74,47,0,5.79,clear sky
194,Zabid,YE,14.1951,43.3152,94.39,34,61,1.5,broken clouds
195,Mahajanga,MG,-15.7167,46.3167,77.02,73,20,3.44,few clouds
196,Rio Grande,BR,-32.035,-52.0986,66.31,58,41,18.79,scattered clouds
197,Brae,GB,60.3964,-1.353,46.31,79,6,5.99,clear sky
198,Kiama,AU,-34.6833,150.8667,54.37,69,100,7.0,overcast clouds
199,Nelson Bay,AU,-32.7167,152.15,54.0,94,99,20.2,light rain
200,Ancud,CL,-41.8697,-73.8203,50.43,72,100,8.14,light rain
201,Torbay,CA,47.6666,-52.7314,57.88,49,75,16.11,broken clouds
202,Springbok,ZA,-29.6643,17.8865,53.47,53,98,5.01,overcast clouds
203,Castro,BR,-24.7911,-50.0119,74.41,61,19,11.74,few clouds
204,Youkounkoun,GN,12.5333,-13.1333,104.72,12,8,3.53,clear sky
205,Hermosillo,MX,29.0667,-110.9667,96.69,10,21,10.0,few clouds
206,High Level,CA,58.5169,-117.136,64.51,34,40,10.85,scattered clouds
207,Bodden Town,KY,19.2833,-81.25,86.0,56,75,1.01,broken clouds
208,Nikolskoye,RU,59.7035,30.7861,52.39,59,2,5.12,clear sky
209,Margate,GB,51.3813,1.3862,60.51,66,0,4.0,clear sky
210,Vao,NC,-22.6667,167.4833,68.2,67,94,21.9,overcast clouds
211,Hamilton,US,39.1834,-84.5333,53.89,81,100,3.0,overcast clouds
212,Sharjah,AE,25.3573,55.4033,96.78,35,0,1.03,clear sky
213,Karratha,AU,-20.7377,116.8463,72.09,66,100,8.9,overcast clouds
214,Constitucion,CL,-35.3333,-72.4167,58.71,60,100,11.99,overcast clouds
215,Cherskiy,RU,68.75,161.3,49.28,50,33,13.31,scattered clouds
216,Sioux Lookout,CA,50.1001,-91.917,62.67,34,75,12.66,broken clouds
217,Shelburne,CA,44.0787,-80.2041,59.9,27,78,13.27,broken clouds
218,Mehamn,NO,71.0357,27.8492,40.84,80,96,15.57,overcast clouds
219,Ambilobe,MG,-13.2,49.05,72.36,83,36,3.18,scattered clouds
220,Sembakung,ID,3.8167,117.25,75.34,95,56,0.89,broken clouds
221,Kisangani,CD,0.5167,25.2,77.04,71,95,2.01,overcast clouds
222,Yumen,CN,40.2833,97.2,68.94,30,13,6.53,few clouds
223,Acarau,BR,-2.8856,-40.12,84.36,70,73,11.9,broken clouds
224,Husavik,IS,66.0449,-17.3389,58.91,58,72,12.46,broken clouds
225,Kargasok,RU,59.0556,80.8572,43.32,60,57,7.99,broken clouds
226,Lorengau,PG,-2.0226,147.2712,82.18,77,83,11.36,broken clouds
227,Caravelas,BR,-17.7125,-39.2481,81.5,66,71,8.1,broken clouds
228,Santiago Del Estero,AR,-27.7951,-64.2615,70.65,27,7,9.78,clear sky
229,Xapuri,BR,-10.6517,-68.5044,90.25,37,53,4.0,broken clouds
230,Santa Maria,BR,-29.6842,-53.8069,69.1,40,0,9.46,clear sky
231,Ahipara,NZ,-35.1667,173.1667,54.72,74,52,12.33,broken clouds
232,East London,ZA,-33.0153,27.9116,63.54,63,0,14.97,clear sky
233,Sayyan,YE,15.1718,44.3244,69.46,25,47,6.49,scattered clouds
234,Namibe,AO,-15.1961,12.1522,73.63,75,9,7.52,clear sky
235,Hue,VN,16.4667,107.6,86.11,74,20,4.03,few clouds
236,Zhuhai,CN,22.2769,113.5678,86.72,89,40,14.05,scattered clouds
237,San Juan,AR,-31.5375,-68.5364,70.74,33,79,9.62,broken clouds
238,Ilebo,CD,-4.3167,20.5833,81.77,53,71,0.56,broken clouds
239,Taitung,TW,22.7583,121.1444,80.6,83,93,6.58,overcast clouds
240,Saint George,US,37.1041,-113.5841,91.87,13,1,1.01,clear sky
241,Norrtalje,SE,59.758,18.705,59.09,53,9,3.69,clear sky
242,Kautokeino,NO,69.0125,23.0412,43.63,58,47,5.97,scattered clouds
243,Saskylakh,RU,71.9167,114.0833,29.48,97,22,5.75,few clouds
244,Victoria,HK,22.2855,114.1577,86.97,88,100,1.99,overcast clouds
245,Staryy Krym,UA,45.0333,35.1,60.37,93,57,5.7,broken clouds
246,Anan,JP,33.9167,134.65,64.18,80,71,8.95,broken clouds
247,Ponta Do Sol,PT,32.6667,-17.1,73.13,57,36,5.06,scattered clouds
248,Paragominas,BR,-2.9667,-47.4833,90.14,49,51,3.24,broken clouds
249,Gasa,PS,31.5,34.4667,75.9,74,0,6.78,clear sky
250,Leningradskiy,RU,69.3833,178.4167,32.29,78,82,7.61,broken clouds
251,Warsaw,PL,52.2298,21.0118,58.82,56,20,1.01,few clouds
252,Buala,SB,-8.145,159.5921,76.87,88,100,4.07,overcast clouds
253,Sao Paulo De Olivenca,BR,-3.3783,-68.8725,88.63,62,46,1.25,scattered clouds
254,Mbandaka,CD,0.0487,18.2603,74.55,85,91,2.89,light rain
255,Majene,ID,-3.5403,118.9707,77.95,87,73,3.69,broken clouds
256,Taksimo,RU,56.3444,114.8794,47.59,79,100,4.61,light rain
257,Pontalina,BR,-17.525,-49.4472,90.66,28,94,8.48,overcast clouds
258,Port Augusta,AU,-32.5,137.7667,41.7,55,0,6.71,clear sky
259,Crixas,BR,-14.5489,-49.9692,92.1,30,90,5.3,overcast clouds
260,Avera,US,33.194,-82.5271,85.91,32,66,15.57,broken clouds
261,San Marcos,US,33.1434,-117.1661,76.95,75,90,1.01,overcast clouds
262,Wieliczka,PL,49.9874,20.0647,53.1,70,81,1.99,broken clouds
263,Mwense,ZM,-10.3845,28.698,62.96,48,13,4.05,few clouds
264,Matagami,CA,49.7502,-77.6328,53.71,30,1,4.59,clear sky
265,Tulle,FR,45.3333,1.8333,74.95,83,98,4.0,overcast clouds
266,Christchurch,NZ,-43.5333,172.6333,55.99,91,75,11.99,moderate rain
267,Lukovetskiy,RU,64.2956,41.9211,39.18,75,56,7.76,light rain
268,Tomatlan,MX,19.9333,-105.25,94.06,25,91,8.66,overcast clouds
269,Matara,LK,5.9485,80.5353,78.87,88,84,13.31,light rain
270,Hasaki,JP,35.7333,140.8333,66.6,81,51,4.47,light rain
271,Chapais,CA,49.7834,-74.8492,49.78,27,3,5.1,clear sky
272,Sola,VU,-13.8833,167.55,78.44,69,95,13.85,overcast clouds
273,Jalu,LY,29.0331,21.5482,98.33,12,1,11.54,clear sky
274,Tchibanga,GA,-2.85,11.0333,76.48,88,76,2.53,broken clouds
275,Santiago De Cao,PE,-7.9589,-79.2392,66.33,94,90,12.62,overcast clouds
276,Malynivka,UA,49.8167,36.7333,68.58,94,97,6.87,light rain
277,Sao Filipe,CV,14.8961,-24.4956,74.46,76,4,12.28,clear sky
278,Wajima,JP,37.4,136.9,58.39,80,48,7.38,scattered clouds
279,Sinnamary,GF,5.3833,-52.95,80.82,82,87,9.64,overcast clouds
280,Dauriya,RU,49.9333,116.8667,54.09,57,100,7.58,overcast clouds
281,Darhan,MN,49.4867,105.9228,46.83,78,60,7.74,moderate rain
282,Tual,ID,-5.6667,132.75,81.0,81,91,18.54,overcast clouds
283,Belyy Yar,RU,53.6039,91.3903,44.49,87,92,3.18,overcast clouds
284,Grindavik,IS,63.8424,-22.4338,48.67,81,90,33.64,heavy intensity rain
285,Canon City,US,38.441,-105.2424,80.44,38,1,8.99,clear sky
286,Olafsvik,IS,64.8945,-23.7142,45.73,86,67,26.17,heavy intensity rain
287,Necochea,AR,-38.5473,-58.7368,51.04,52,92,22.41,overcast clouds
288,Lata,PT,40.1629,-8.3327,79.03,61,0,7.4,clear sky
289,Noumea,NC,-22.2763,166.4572,71.01,99,96,12.97,overcast clouds
290,Pyshma,RU,56.9523,63.2513,64.09,59,80,7.9,broken clouds
291,Cardoso,BR,-20.0819,-49.9142,91.26,28,63,9.48,broken clouds
292,Pervomayskiy,RU,53.2485,40.2871,63.09,86,76,4.05,broken clouds
293,Dunedin,NZ,-45.8742,170.5036,49.8,96,100,1.01,overcast clouds
294,Broome,US,42.2506,-75.833,49.91,90,100,1.99,overcast clouds
295,Te Anau,NZ,-45.4167,167.7167,46.02,95,100,7.34,overcast clouds
296,Aklavik,CA,68.2191,-135.0107,32.0,69,90,8.05,overcast clouds
297,Winnemucca,US,40.973,-117.7357,67.1,17,100,9.46,overcast clouds
298,Asau,RO,46.4333,26.4,58.39,85,76,1.3,broken clouds
299,Chepen,PE,-7.2167,-79.45,68.86,62,68,11.21,broken clouds
300,Guerrero Negro,MX,27.9769,-114.0611,66.79,63,75,17.4,broken clouds
301,Cap Malheureux,MU,-19.9842,57.6142,77.49,90,10,3.0,light rain
302,Gamba,GA,-2.65,10.0,77.54,89,57,6.04,broken clouds
303,Vitre,FR,48.1178,-1.2058,67.82,84,100,5.88,overcast clouds
304,Jantianon,PH,9.4442,123.1657,78.89,85,83,3.65,broken clouds
305,Kerman,IR,30.2832,57.0788,82.26,9,0,9.86,clear sky
306,Marsa Matruh,EG,31.3525,27.2453,71.8,73,0,11.5,clear sky
307,Tabuk,PH,17.4189,121.4443,79.93,82,95,2.55,overcast clouds
308,Collie,AU,-33.3667,116.15,51.98,97,99,4.09,overcast clouds
309,Mecca,SA,21.4267,39.8261,91.44,33,13,3.53,few clouds
310,Villarrobledo,ES,39.2699,-2.6012,84.69,28,11,4.27,few clouds
311,Abong Mbang,CM,3.9833,13.1833,75.2,76,70,1.59,broken clouds
312,Angoche,MZ,-16.2325,39.9086,75.76,71,24,10.27,few clouds
313,Anadyr,RU,64.75,177.4833,37.9,60,0,8.01,clear sky
314,Takoradi,GH,4.8845,-1.7554,81.37,80,99,7.76,overcast clouds
315,Ferkessedougou,CI,9.6,-5.2,86.34,51,98,8.03,overcast clouds
316,Puri,IN,19.8,85.85,88.38,87,29,13.29,scattered clouds
317,Luganville,VU,-15.5333,167.1667,74.07,77,99,5.06,overcast clouds
318,Alyangula,AU,-13.8483,136.4192,73.27,88,90,12.91,overcast clouds
319,Ulladulla,AU,-35.35,150.4667,53.1,64,99,14.56,overcast clouds
320,Bulancak,TR,40.9372,38.2291,61.7,89,81,3.56,broken clouds
321,Watertown,US,42.3709,-71.1828,48.54,92,90,8.01,moderate rain
322,Hyeres,FR,43.1167,6.1167,81.48,66,0,5.75,clear sky
323,Cockburn Town,TC,21.4612,-71.1419,82.36,69,40,9.22,scattered clouds
324,Tromso,NO,69.6496,18.957,48.85,81,75,3.0,broken clouds
325,Dzitbalche,MX,20.3167,-90.05,100.36,29,9,3.02,clear sky
326,Medina Del Campo,ES,41.3124,-4.9141,82.0,71,54,11.59,broken clouds
327,Ocampo,MX,21.65,-101.5,80.28,25,50,6.44,scattered clouds
328,Northam,GB,51.0333,-4.2167,66.47,83,82,7.67,broken clouds
329,Rakitnoye,RU,50.8389,35.8515,66.45,93,83,5.28,broken clouds
330,Ust-Uda,RU,54.1742,103.0304,37.62,92,96,4.41,overcast clouds
331,Barinas,VE,8.6226,-70.2075,84.24,74,91,8.05,overcast clouds
332,Kamenka,RU,51.3223,42.7678,66.79,65,10,3.87,clear sky
333,Provideniya,RU,64.3833,-173.3,41.79,49,7,11.39,clear sky
334,Miracema Do Tocantins,BR,-9.5618,-48.3967,92.66,29,13,3.58,few clouds
335,Kilindoni,TZ,-7.9139,39.6668,77.85,74,1,10.38,clear sky
336,Bilibino,RU,68.0546,166.4372,45.25,60,67,1.72,broken clouds
337,Caxito,AO,-8.5785,13.6643,77.65,94,41,3.98,scattered clouds
338,Praya,CV,14.9215,-23.5087,79.34,57,20,24.16,few clouds
339,Hofn,IS,64.2539,-15.2082,46.78,89,85,17.92,overcast clouds
340,Nemuro,JP,43.3236,145.575,45.03,96,85,10.96,overcast clouds
341,Raha,IN,26.2333,92.5167,80.82,74,9,4.27,clear sky
342,Moss Vale,AU,-34.55,150.3833,46.15,79,76,4.32,broken clouds
343,Tungor,RU,53.3808,142.9564,34.79,95,100,13.87,overcast clouds
344,Ternuvate,UA,47.8305,36.1276,63.88,94,80,4.5,broken clouds
345,Sabha,LY,27.0377,14.4283,98.24,9,0,5.5,clear sky
346,El Alto,PE,-4.2714,-81.2147,73.06,76,96,15.14,overcast clouds
347,Lluta,PE,-16.0147,-72.0142,57.47,42,79,10.96,broken clouds
348,Honiara,SB,-9.4333,159.95,76.21,91,100,2.64,overcast clouds
349,Nantucket,US,41.2835,-70.0995,49.03,93,90,25.32,moderate rain
350,Seymchan,RU,62.8833,152.4333,39.06,70,13,6.82,few clouds
351,Koppies,ZA,-27.2418,27.5742,52.18,38,1,5.99,clear sky
352,Inirida,CO,3.8653,-67.9239,84.47,79,63,0.69,broken clouds
353,Ayorou,NE,14.7308,0.9174,104.23,7,9,15.32,clear sky
354,Launceston,AU,-41.45,147.1667,35.24,91,90,1.97,overcast clouds
355,Omsukchan,RU,62.5333,155.8,29.98,91,100,7.05,overcast clouds
356,Kalashnikovo,RU,57.2824,35.2262,49.53,69,97,9.26,overcast clouds
357,Dawei,MM,14.0833,98.2,76.75,93,99,3.13,overcast clouds
358,Lingdong,CN,46.5669,131.1453,48.79,91,47,3.18,scattered clouds
359,Kiunga,PG,-6.1219,141.2906,71.56,99,100,1.74,overcast clouds
360,Prainha,BR,-1.8,-53.48,85.33,61,84,1.77,broken clouds
361,Coihaique,CL,-45.5752,-72.0662,44.55,57,90,5.75,overcast clouds
362,Sulangan,PH,11.1373,123.7228,83.1,76,98,2.15,overcast clouds
363,Tombouctou,ML,20.0,-3.0,107.33,6,89,16.26,overcast clouds
364,Havre-Saint-Pierre,CA,50.2334,-63.5986,52.16,54,1,23.02,clear sky
365,Blyth,GB,55.1271,-1.5086,65.32,74,0,8.1,clear sky
366,Codrington,AU,-38.2667,141.9667,40.14,93,2,6.87,clear sky
367,Pascagoula,US,30.3658,-88.5561,88.05,70,33,9.31,scattered clouds
368,Atar,MR,20.5169,-13.0499,106.93,9,100,19.77,overcast clouds
369,Zhanaozen,KZ,43.3,52.8,80.26,32,78,8.88,broken clouds
370,Darnah,LY,32.767,22.6367,71.89,59,50,8.5,scattered clouds
371,Dehloran,IR,32.6941,47.2679,98.11,7,0,9.53,clear sky
372,Batouri,CM,4.4333,14.3667,76.12,76,80,1.43,broken clouds
373,Rawson,AR,-43.3002,-65.1023,49.06,35,0,25.77,clear sky
374,Kathmandu,NP,27.7167,85.3167,68.22,94,20,2.3,few clouds
375,Maniitsoq,GL,65.4167,-52.9,45.99,52,89,13.58,overcast clouds
376,Makokou,GA,0.5738,12.8642,73.51,94,100,2.53,overcast clouds
377,Madang,PG,-5.2246,145.7966,78.66,88,95,3.44,overcast clouds
378,Miri,MY,4.4148,114.0089,77.14,94,40,3.62,scattered clouds
379,Blagoyevo,RU,63.3667,47.9167,38.66,67,65,7.16,broken clouds
380,Bandarbeyla,SO,9.4942,50.8122,79.81,85,8,28.54,clear sky
381,Sambava,MG,-14.2667,50.1667,75.24,82,4,8.93,clear sky
382,Coos Bay,US,43.3665,-124.2179,68.85,74,32,1.01,scattered clouds
383,Matiguas,NI,12.8373,-85.4622,86.74,29,29,10.87,scattered clouds
384,Coruripe,BR,-10.1256,-36.1756,81.12,62,47,9.86,scattered clouds
385,Hecun,CN,36.5333,114.1111,65.71,42,27,3.62,light rain
386,Airai,TL,-8.9266,125.4092,56.16,93,85,2.55,overcast clouds
387,Mitu,CO,1.1983,-70.1733,87.04,61,31,2.42,scattered clouds
388,Moerai,PF,-22.4333,-151.3333,75.42,72,35,14.32,scattered clouds
389,Orumiyeh,IR,37.5527,45.0761,74.75,20,0,7.38,clear sky
390,Kondoa,TZ,-4.9,35.7833,64.27,71,80,6.33,broken clouds
391,Grand Gaube,MU,-20.0064,57.6608,77.4,90,11,3.0,light rain
392,Hobyo,SO,5.3505,48.5268,79.68,80,93,21.83,overcast clouds
393,Gizo,SB,-8.103,156.8419,76.26,92,100,0.56,moderate rain
394,Arlit,NE,18.7369,7.3853,102.25,5,35,15.46,scattered clouds
395,Methoni,GR,36.8197,21.7049,72.21,70,40,2.8,scattered clouds
396,Teahupoo,PF,-17.8333,-149.2667,73.36,71,77,12.03,broken clouds
397,The Valley,AI,18.217,-63.0578,87.66,65,40,14.97,scattered clouds
398,Teya,RU,60.3778,92.6267,35.19,97,100,7.05,light rain
399,Karatau,KZ,43.1667,70.4667,74.93,34,14,3.4,few clouds
400,Araouane,ML,18.9048,-3.5265,106.97,12,33,10.56,scattered clouds
401,Saldanha,ZA,-33.0117,17.9442,57.25,84,99,9.04,overcast clouds
402,Korla,CN,41.7597,86.1469,78.69,26,84,21.23,broken clouds
403,Belawan,ID,3.7755,98.6832,80.89,92,25,5.46,scattered clouds
404,Agadez,NE,19.75,10.25,97.65,8,27,8.5,scattered clouds
405,Itaituba,BR,-4.2761,-55.9836,93.36,59,75,0.0,broken clouds
406,Los Chiles,CR,11.0333,-84.7167,85.05,69,90,4.61,overcast clouds
407,Raglan,NZ,-37.8,174.8833,51.33,87,88,7.0,light rain
408,Berlevag,NO,70.8578,29.0864,40.01,82,96,14.36,overcast clouds
409,Ozimek,PL,50.6794,18.2137,52.97,88,88,5.77,overcast clouds
410,Gorontalo,ID,0.5412,123.0595,75.6,94,94,1.34,overcast clouds
411,La Ronge,CA,55.1001,-105.2842,46.65,76,90,12.66,overcast clouds
412,Manokwari,ID,-0.8667,134.0833,79.3,81,100,4.76,overcast clouds
413,Tabas,IR,33.5959,56.9244,91.58,11,0,4.5,clear sky
414,Cochrane,CA,51.1834,-114.4687,62.85,36,1,3.13,clear sky
415,Kyabe,TD,9.4515,18.9449,96.82,25,84,1.74,broken clouds
416,Udachnyy,RU,66.4167,112.4,50.86,62,5,7.0,clear sky
417,Bonavista,CA,48.6499,-53.1147,57.2,73,41,15.5,scattered clouds
418,Kumluca,TR,36.3703,30.2869,74.43,53,0,7.7,clear sky
419,Shebunino,RU,46.4339,141.8603,41.32,93,100,15.55,overcast clouds
420,Sur,OM,22.5667,59.5289,89.87,50,12,10.74,few clouds
421,Lixourion,GR,38.2019,20.4314,65.62,87,38,8.61,scattered clouds
422,Najran,SA,17.4924,44.1277,90.25,15,74,3.04,broken clouds
423,Rabo De Peixe,PT,37.8,-25.5833,67.51,68,75,5.44,broken clouds
424,At-Bashi,KG,41.1702,75.8106,57.38,61,48,2.19,scattered clouds
425,Palestine,PS,31.9216,35.2033,66.34,79,0,8.16,clear sky
426,Oranjemund,NA,-28.55,16.4333,58.86,78,88,18.05,overcast clouds
427,Vila Franca Do Campo,PT,37.7167,-25.4333,68.41,71,72,3.13,broken clouds
428,Carinhanha,BR,-14.3047,-43.765,92.3,26,55,4.79,broken clouds
429,Vallenar,CL,-28.5708,-70.7581,83.46,17,0,5.55,clear sky
430,Chippewa Falls,US,44.9369,-91.3929,61.97,37,1,6.87,clear sky
431,Agadir,MA,30.4202,-9.5982,77.45,76,100,2.75,overcast clouds
432,Binga,ZW,-17.6203,27.3414,63.99,48,0,3.8,clear sky
433,Poronaysk,RU,49.2167,143.1167,38.28,96,100,14.09,moderate rain
434,Puerto Carreno,CO,6.189,-67.4859,87.28,63,61,6.04,broken clouds
435,Saint-Michel-Des-Saints,CA,46.6834,-73.9159,57.94,23,0,6.69,clear sky
436,Sao Francisco De Paula,BR,-29.4481,-50.5836,61.29,91,94,5.57,overcast clouds
437,Mount Isa,AU,-20.7333,139.5,56.97,35,0,8.05,clear sky
438,Zhezkazgan,KZ,47.8043,67.7144,71.65,47,87,5.1,overcast clouds
439,Kandrian,PG,-6.2167,149.55,78.48,86,89,11.81,light rain
440,Varde,DK,55.6211,8.4807,65.55,87,9,8.3,clear sky
441,Kerema,PG,-7.9631,145.7785,76.42,86,100,3.96,overcast clouds
442,Rocha,UY,-34.4833,-54.3333,53.13,60,64,18.12,broken clouds
443,Harrogate,GB,53.9908,-1.5373,67.35,59,40,6.76,scattered clouds
444,Tabou,CI,4.423,-7.3528,82.44,78,88,7.83,light rain
445,Nome,US,64.5011,-165.4064,46.17,42,5,11.61,clear sky
446,Lagoa,PT,39.05,-27.9833,63.59,71,60,6.67,broken clouds
447,Lethem,GY,3.3803,-59.7968,84.79,69,82,9.1,broken clouds
448,Westport,US,41.1415,-73.3579,51.62,92,100,1.01,overcast clouds
449,Arica,CL,-18.475,-70.3042,72.95,68,0,7.2,clear sky
450,Ambulu,ID,-8.345,113.6058,75.85,90,89,2.26,overcast clouds
451,Faranah,GN,10.0404,-10.7434,88.56,49,96,7.65,overcast clouds
452,Srednekolymsk,RU,67.45,153.6833,49.82,48,43,10.92,scattered clouds
453,Juneau,US,58.3019,-134.4197,49.21,98,100,5.01,light rain
454,Makueni,KE,-1.8041,37.6203,65.05,84,93,2.28,overcast clouds
455,Mugur-Aksy,RU,50.35,90.5,36.97,63,3,4.27,clear sky
456,Kropotkin,RU,45.4375,40.5756,62.83,89,100,5.44,heavy intensity rain
457,Lensk,RU,60.7253,114.9278,50.11,91,95,9.51,overcast clouds
458,Pimentel,PE,-6.8367,-79.9342,70.09,80,90,3.0,overcast clouds
459,Norman Wells,CA,65.282,-126.8329,33.84,93,90,5.75,light rain
460,Minab,IR,27.1467,57.0801,94.5,38,0,4.61,clear sky
461,Barranca,PE,-10.75,-77.7667,68.04,75,87,9.33,overcast clouds
462,Neiafu,TO,-18.65,-173.9833,72.28,94,40,0.0,light rain
463,Santa Vitoria Do Palmar,BR,-33.5189,-53.3681,56.25,60,60,17.9,broken clouds
464,Awbari,LY,26.5921,12.7805,99.1,8,8,7.76,clear sky
465,Taoudenni,ML,22.6783,-3.9836,112.62,5,43,15.82,scattered clouds
466,Farah,AF,32.5,62.5,86.85,14,1,7.81,clear sky
467,Zhaotong,CN,27.3167,103.7167,56.41,89,100,1.3,overcast clouds
468,Oakham,GB,52.6667,-0.7333,67.69,84,52,8.61,broken clouds
469,Roald,NO,62.5833,6.1333,72.16,67,0,5.75,clear sky
470,Harper,LR,4.375,-7.7169,82.47,78,84,9.26,broken clouds
471,Copiapo,CL,-27.3667,-70.3333,58.69,23,0,7.25,clear sky
472,Pokhara,NP,28.2333,83.9833,71.53,78,62,4.9,broken clouds
473,Taman,RU,45.2117,36.7161,64.72,90,35,20.0,light rain
474,Vista Hermosa,MX,19.5167,-99.2167,72.39,43,92,7.96,overcast clouds
475,Marystown,CA,47.1666,-55.1483,47.16,66,95,17.34,overcast clouds
476,Misratah,LY,32.3754,15.0925,72.43,76,34,15.01,scattered clouds
477,Erenhot,CN,43.6475,111.9767,57.04,58,45,14.29,scattered clouds
478,Beringovskiy,RU,63.05,179.3167,30.4,86,20,10.07,few clouds
479,Lac-Megantic,CA,45.5834,-70.8823,57.45,24,78,6.06,broken clouds
480,Along,IN,28.1667,94.7667,73.38,97,91,1.19,overcast clouds
481,Peace River,CA,56.2501,-117.286,62.91,41,20,5.79,few clouds
482,Ruteng,ID,-8.6136,120.4721,61.97,94,100,0.89,overcast clouds
483,San Clemente,US,33.427,-117.612,72.84,79,69,4.0,broken clouds
484,Khawhai,IN,23.3667,93.1167,62.19,94,92,1.61,overcast clouds
485,Vestmanna,FO,62.1564,-7.1664,49.12,93,90,6.78,overcast clouds
486,Ziro,IN,27.6333,93.8333,57.31,96,63,0.74,broken clouds
487,Khingansk,RU,49.1167,131.1833,45.59,94,100,2.68,overcast clouds
488,Yamada,JP,39.4667,141.95,55.35,83,27,5.1,scattered clouds
489,Hinganghat,IN,20.5667,78.8333,90.81,26,90,7.74,overcast clouds
490,Padang,ID,-0.9492,100.3543,78.3,75,100,3.94,overcast clouds
491,Ayame,CI,5.6083,-3.1563,79.66,86,89,6.17,light rain
492,Genhe,CN,50.7833,121.5167,39.45,94,38,2.75,scattered clouds
493,Kunstat,CZ,49.5065,16.5172,56.08,60,31,7.52,scattered clouds
494,Mendi,PG,-6.1761,143.6513,55.29,97,83,0.49,broken clouds
495,Deputatskiy,RU,69.3,139.9,43.09,58,69,6.08,broken clouds
496,Surt,LY,31.2089,16.5887,72.99,78,1,9.91,clear sky
497,Teguldet,RU,57.3064,88.1667,35.62,62,45,3.33,scattered clouds
498,Kargalinskaya,RU,43.7417,46.4792,69.19,65,64,5.75,broken clouds
499,Aksha,RU,50.2814,113.2867,42.24,65,36,5.66,scattered clouds
500,Zvishavane,ZW,-20.3267,30.0665,61.36,28,0,1.12,clear sky
501,Nanakuli,US,21.3906,-158.1547,81.03,66,17,4.74,few clouds
502,Sarankhola,BD,22.3082,89.7897,82.99,81,38,7.58,scattered clouds
503,Marsh Harbour,BS,26.5412,-77.0636,79.5,69,2,12.28,clear sky
504,Dalianwan,CN,39.0286,121.695,53.64,94,0,5.06,light rain
505,Belaya Gora,RU,68.5333,146.4167,50.05,49,11,11.41,few clouds
506,Makubetsu,JP,45.3714,141.8211,42.87,97,100,16.31,overcast clouds
507,Saint-Pierre,RE,-21.3393,55.4781,71.24,79,0,5.75,clear sky
508,Nichinan,JP,31.6,131.3667,65.14,80,100,2.59,overcast clouds
509,Laguna,US,38.421,-121.4238,82.44,49,40,6.46,scattered clouds
510,Saint-Augustin,CA,51.226,-58.6502,55.42,38,50,9.19,scattered clouds
511,Chino Valley,US,34.7575,-112.4538,86.31,10,33,8.99,scattered clouds
512,Vengerovo,RU,55.6848,76.7471,58.05,62,98,7.54,overcast clouds
513,Rexburg,US,43.826,-111.7897,63.43,39,7,1.9,clear sky
514,Innisfail,AU,-17.5333,146.0333,64.33,84,76,5.93,broken clouds
515,Chernyshevskiy,RU,63.0128,112.4714,49.44,77,67,1.54,broken clouds
516,Lakatoro,VU,-16.0999,167.4164,72.9,70,86,6.78,overcast clouds
517,Roswell,US,34.0232,-84.3616,73.83,62,78,3.0,broken clouds
518,Yar-Sale,RU,66.8333,70.8333,48.88,94,100,11.16,light rain
519,Sao Jose Da Coroa Grande,BR,-8.8978,-35.1478,81.01,63,37,9.64,scattered clouds
520,Sistranda,NO,63.7256,8.834,58.96,83,6,13.53,clear sky
521,Faya,SA,18.3851,42.4509,71.71,38,94,4.61,overcast clouds
522,Tura,IN,25.5198,90.2201,78.24,71,40,3.24,scattered clouds
523,Urumqi,CN,43.801,87.6005,68.95,43,0,8.57,light rain
524,Alexandria,EG,31.2156,29.9553,75.16,64,0,6.91,clear sky
525,Nan,TH,18.8333,100.6667,74.08,96,99,1.12,overcast clouds
526,Vila Do Maio,CV,15.1333,-23.2167,79.59,82,29,18.75,scattered clouds
527,Chongwe,ZM,-15.3292,28.682,66.78,39,0,3.15,clear sky
528,Akureyri,IS,65.6835,-18.0878,58.93,36,20,21.85,few clouds
529,Nishihara,JP,26.1842,127.7558,69.85,97,90,15.35,heavy intensity rain
530,Hervey Bay,AU,-25.2986,152.8535,58.03,68,98,3.0,overcast clouds
531,Xam Nua,LA,20.4197,104.0439,70.48,88,90,3.42,overcast clouds
532,Sabang,ID,5.8933,95.3214,83.28,74,100,10.65,moderate rain
533,Homer,US,59.6425,-151.5483,48.78,88,90,3.44,overcast clouds
534,Shimoda,JP,34.6667,138.95,69.17,84,54,8.48,broken clouds
535,Tambura,SS,5.6,27.4667,71.15,84,78,0.76,broken clouds
536,Sinop,TR,41.7711,34.8709,55.65,93,100,3.83,light rain
537,Kaitangata,NZ,-46.2817,169.8464,48.96,93,100,11.12,moderate rain
538,Santa Cruz Del Sur,CU,20.7147,-77.9956,84.47,62,3,8.72,light rain
539,Merrill,US,45.1805,-89.6835,63.81,35,1,0.0,clear sky
540,San Quintin,MX,30.4833,-115.95,64.87,68,72,18.1,broken clouds
541,Sfantu Gheorghe,RO,45.8667,25.7833,59.58,71,72,1.99,broken clouds
542,Longyearbyen,SJ,78.2186,15.6401,30.45,87,52,2.13,broken clouds
543,Fukue,JP,32.6881,128.8419,66.79,67,88,4.09,overcast clouds
544,Baruun-Urt,MN,46.6806,113.2792,49.62,74,90,8.79,overcast clouds
545,Puerto Quijarro,BO,-17.7833,-57.7667,96.49,25,47,7.54,scattered clouds
546,Derzhavinsk,KZ,51.1,66.3167,69.62,30,37,9.4,scattered clouds
547,Omboue,GA,-1.5746,9.2618,77.18,90,90,6.11,light rain
548,Sangar,RU,63.9242,127.4739,49.39,60,87,7.11,overcast clouds
549,Aykhal,RU,66.0,111.5,49.66,63,22,7.81,few clouds
550,Schaffhausen,CH,47.6973,8.6349,66.6,68,49,7.0,scattered clouds
551,Buenos Aires,AR,-34.6132,-58.3772,55.96,35,0,11.5,clear sky
552,Los Llanos De Aridane,ES,28.6585,-17.9182,67.75,79,20,12.3,few clouds
553,Manggar,ID,-2.8833,108.2667,79.05,82,94,3.15,overcast clouds
554,Pangnirtung,CA,66.1451,-65.7125,33.8,75,75,18.41,broken clouds
555,Magadan,RU,59.5667,150.8,35.87,98,100,3.71,light rain
556,Dhidhdhoo,MV,6.8833,73.1,83.62,71,78,21.83,broken clouds
557,Manzanillo,CU,20.3433,-77.1167,85.62,59,11,4.54,few clouds
558,Uarini,BR,-2.99,-65.1083,87.75,58,43,1.36,scattered clouds
559,San Cristobal,VE,7.7669,-72.225,71.78,78,63,4.72,broken clouds
560,Riyadh,SA,24.6877,46.7219,105.85,10,0,8.05,clear sky
561,Itubera,BR,-13.7322,-39.1492,81.12,62,97,4.09,overcast clouds
562,Fort Saint James,CA,54.4333,-124.25,57.16,41,74,3.87,broken clouds
563,Elban,RU,50.1018,136.5094,47.97,81,100,8.59,overcast clouds
564,Kokoda,PG,-8.8785,147.7407,72.19,94,98,2.21,overcast clouds
565,Akdagmadeni,TR,39.6603,35.8836,52.3,76,40,4.47,scattered clouds
566,Hambantota,LK,6.1241,81.1185,80.13,82,97,18.45,light rain
567,Zasheyek,RU,67.4066,32.5499,37.98,100,95,7.29,overcast clouds
568,Itaporanga,BR,-7.3044,-38.1503,94.33,23,8,7.9,clear sky
569,Seoul,KR,37.5683,126.9778,54.36,93,0,2.64,clear sky
570,Wonthaggi,AU,-38.6044,145.5913,38.43,81,0,5.28,clear sky
571,Escanaba,US,45.7453,-87.0646,65.68,70,10,1.99,clear sky
572,Venkatagiri,IN,13.9667,79.5833,91.89,45,70,6.02,broken clouds
573,Mayumba,GA,-3.432,10.6554,77.34,89,36,4.65,light rain
574,Bongor,TD,10.2806,15.3722,98.08,19,100,2.82,overcast clouds
575,Honjo,JP,36.2333,139.1833,67.57,72,77,7.14,broken clouds
576,Puerto Narino,CO,-3.7703,-70.3831,89.55,46,32,2.68,scattered clouds
577,Fort Nelson,CA,58.8053,-122.7002,62.19,29,40,6.91,scattered clouds
578,Springdale,US,36.1867,-94.1288,65.03,73,90,6.91,overcast clouds
579,Qaqortoq,GL,60.7167,-46.0333,39.61,80,100,4.94,overcast clouds
580,Savinskiy,RU,62.9342,40.1361,38.82,67,57,6.51,broken clouds
581,West Bay,KY,19.3667,-81.4167,86.07,71,75,1.99,broken clouds
582,Manturovo,RU,58.3353,44.7619,47.59,93,100,12.46,overcast clouds
583,Mayor Pablo Lagerenza,PY,-19.9309,-60.7718,86.02,45,86,5.75,overcast clouds
584,Semey,KZ,50.4111,80.2275,56.8,53,24,6.69,few clouds
585,Tautira,PF,-17.7333,-149.15,78.82,70,83,10.29,broken clouds
586,Pevek,RU,69.7008,170.3133,40.95,62,2,10.04,clear sky
587,Pacific Grove,US,36.6177,-121.9166,68.58,87,75,4.0,broken clouds
588,Kharitonovo,RU,61.4009,47.4978,41.31,77,100,6.11,overcast clouds
589,Toora-Khem,RU,52.4675,96.11,31.59,90,61,4.36,broken clouds
590,Klerksdorp,ZA,-26.8521,26.6667,53.6,35,1,6.35,clear sky
591,Ormond Beach,US,29.2858,-81.0559,94.05,45,40,12.66,scattered clouds
592,Petropavlovsk-Kamchatskiy,RU,53.0452,158.6483,37.99,93,75,1.19,broken clouds
593,Doha,QA,25.2867,51.5333,98.91,37,0,3.44,clear sky
594,Perpignan,FR,42.75,2.75,77.43,57,75,8.05,broken clouds
595,Kapit,MY,2.0167,112.9333,74.43,99,100,0.76,overcast clouds
596,Aviles,ES,43.5547,-5.9248,63.79,79,75,4.0,broken clouds
597,Pangkalanbuun,ID,-2.6833,111.6167,73.29,98,95,2.08,light rain
598,Hami,CN,42.8,93.45,82.27,11,79,1.43,broken clouds
599,North Bend,US,43.4065,-124.2243,68.23,70,1,6.91,clear sky
600,Lidkoping,SE,58.5052,13.1577,67.53,46,4,2.26,clear sky
601,Bazarnyy Syzgan,RU,53.7512,46.7535,61.95,92,87,4.23,overcast clouds
602,Yerbogachen,RU,61.2767,108.0108,37.08,83,72,5.28,broken clouds
603,Potosi,BO,-19.5836,-65.7531,50.22,21,100,6.08,overcast clouds
604,Kragujevac,RS,44.0167,20.9167,66.49,76,90,5.46,overcast clouds
605,Puerto Asis,CO,0.5133,-76.5007,86.56,61,23,0.45,few clouds
606,Nakambala,ZM,-15.8324,27.7799,59.85,37,0,6.13,clear sky
607,Mount Gambier,AU,-37.8333,140.7667,37.31,93,0,0.0,clear sky
608,Harer,ET,9.3094,42.1258,60.01,85,11,5.41,few clouds
609,Pisco,PE,-13.7,-76.2167,66.02,88,90,8.05,overcast clouds
610,Shingu,JP,33.7333,135.9833,61.92,77,64,4.7,broken clouds
611,Baherden,TM,38.4362,57.4316,94.53,12,5,6.89,clear sky
612,Halkirk,CA,52.2834,-112.1518,62.2,43,41,14.16,scattered clouds
613,Khuzdar,PK,27.7384,66.6434,85.37,9,0,9.66,clear sky
614,Kalnibolotskaya,RU,46.0058,40.4568,63.43,94,74,11.61,heavy intensity rain
615,Neuquen,AR,-38.9516,-68.0591,51.69,40,40,16.11,scattered clouds
616,Broken Hill,AU,-31.95,141.4333,38.91,70,96,8.05,overcast clouds
617,Nadym,RU,65.5333,72.5167,55.58,77,100,20.78,light rain
618,Lavrentiya,RU,65.5833,-171.0,29.95,83,11,10.07,few clouds
619,Tiarei,PF,-17.5333,-149.3333,78.82,72,71,13.0,broken clouds
620,Bitung,ID,1.4451,125.1824,77.85,86,100,7.38,overcast clouds
621,Palafrugell,ES,41.9174,3.1631,70.56,81,70,15.46,broken clouds
622,Bozova,TR,37.3625,38.5267,76.12,49,32,11.65,scattered clouds
623,Komyshnya,UA,50.1859,33.684,59.18,94,72,8.28,broken clouds
624,Fare,PF,-16.7,-151.0167,79.41,69,78,5.68,broken clouds
625,Kruisfontein,ZA,-34.0033,24.7314,53.89,87,56,15.66,light rain
626,Troyes,FR,48.3333,4.0833,70.14,40,0,6.91,clear sky
627,Shitanjing,CN,39.2342,106.3439,66.61,32,90,4.47,overcast clouds
628,Pucallpa,PE,-8.3791,-74.5539,89.64,58,40,3.44,scattered clouds
629,Callaguip,PH,18.0714,120.4867,82.74,77,93,3.91,overcast clouds
630,Portland,US,45.5234,-122.6762,69.94,59,69,1.99,broken clouds
631,Aranos,NA,-24.1333,19.1167,64.2,25,1,8.19,clear sky
632,Salalah,OM,17.0151,54.0924,83.77,81,78,10.69,broken clouds
633,Jinxiang,CN,27.4327,120.6062,66.87,95,100,3.24,moderate rain
634,Bosaso,SO,11.2842,49.1816,89.08,49,8,2.71,clear sky
635,Villars-Sur-Glane,CH,46.7905,7.1172,65.52,50,69,10.42,broken clouds
636,Hualmay,PE,-11.0964,-77.6139,68.7,76,65,10.0,broken clouds
637,Ixtapa,MX,20.7,-105.2,92.23,45,100,8.03,overcast clouds
638,Alor Setar,MY,6.121,100.3601,80.58,78,40,5.75,moderate rain
639,Poshekhonye,RU,58.4993,39.1353,45.32,66,97,10.92,overcast clouds
640,Mandiana,GN,10.6333,-8.6833,95.49,31,70,9.62,broken clouds
641,Hornepayne,CA,49.2138,-84.7705,66.94,21,4,3.65,clear sky
642,Bambanglipuro,ID,-7.95,110.2833,60.6,88,100,2.82,overcast clouds
643,Palembang,ID,-2.9167,104.7458,74.73,97,100,3.76,overcast clouds
644,Jega,NG,12.2175,4.3792,98.67,14,65,2.82,broken clouds
645,Nevelsk,RU,46.6733,141.8633,39.63,91,100,12.95,overcast clouds
646,Dovbysh,UA,50.3733,27.9874,54.48,84,100,5.03,overcast clouds
647,Dasoguz,TM,41.8363,59.9666,87.75,37,0,8.84,clear sky
648,Kyshtovka,RU,56.555,76.6271,56.55,71,90,5.77,overcast clouds
649,Bulgan,MN,48.8125,103.5347,45.9,84,78,7.58,light rain
650,Normandin,CA,48.8333,-72.5321,51.93,46,1,5.75,clear sky
651,Oksfjord,NO,70.2396,22.3479,44.67,83,69,9.6,broken clouds
652,Cabras,IT,39.93,8.5314,66.61,69,6,8.59,clear sky
653,Grand-Santi,GF,4.25,-54.3833,80.98,90,93,1.99,overcast clouds
654,Yantal,RU,56.8471,105.2542,34.34,89,100,3.33,overcast clouds
655,Yinchuan,CN,38.4681,106.2731,73.11,24,78,6.53,broken clouds
656,West Wendover,US,40.7391,-114.0733,66.76,13,99,5.91,overcast clouds
657,Seidu,SL,9.0167,-10.6,80.13,68,89,1.63,light rain
658,Hailar,CN,49.2,119.7,53.64,64,100,5.93,overcast clouds
659,Atikokan,CA,48.7555,-91.6216,63.93,25,50,10.11,scattered clouds
660,Beckley,US,37.7782,-81.1882,58.98,95,100,1.01,overcast clouds
661,Kalat,PK,29.0225,66.5916,72.09,17,0,6.29,clear sky
662,Puerto Escondido,MX,15.85,-97.0667,88.34,59,85,7.16,overcast clouds
663,Iba,PH,15.3667,120.0333,83.98,80,86,2.75,overcast clouds
664,Mixquiahuala,MX,20.2333,-99.2167,79.38,28,63,7.4,broken clouds
665,Lunca De Sus,RO,46.5333,25.9667,51.91,91,72,1.68,broken clouds
666,Ereymentau,KZ,51.6199,73.1033,59.72,38,0,12.28,clear sky
667,Vangaindrano,MG,-23.35,47.6,68.52,92,22,4.5,few clouds
668,Galveston,US,29.3669,-94.9669,87.21,67,64,1.01,broken clouds
669,Lucea,JM,18.451,-78.1736,85.86,67,6,1.39,clear sky
670,Zatoka,UA,46.0725,30.4654,66.74,74,27,17.98,scattered clouds
671,Kargopol,RU,61.5071,38.9456,39.56,71,62,4.92,broken clouds
672,Sibolga,ID,1.7427,98.7792,76.62,90,37,3.18,scattered clouds
673,Adre,TD,13.4667,22.2,91.98,10,60,9.4,broken clouds
674,Sainte-Rose,GP,16.3324,-61.6979,86.04,54,75,11.68,broken clouds
675,Ca Mau,VN,9.1769,105.15,78.58,89,26,3.56,scattered clouds
676,Senanga,ZM,-16.1167,23.2667,62.78,24,0,2.8,clear sky
677,Saint-Joseph,RE,-21.3667,55.6167,70.16,79,19,5.95,few clouds
678,Dunda,TZ,-8.1167,34.25,64.42,64,26,5.1,scattered clouds
679,Novoanninskiy,RU,50.5287,42.6747,67.86,67,4,4.29,clear sky
680,Celestun,MX,20.8667,-90.4,88.14,53,4,6.58,clear sky
681,Ouidah,BJ,6.3631,2.0851,87.66,76,100,11.3,overcast clouds
682,Kalmunai,LK,7.4167,81.8167,81.68,77,96,4.05,overcast clouds
